{
  "project_info": {
    "project_number": "735495635662",
    "firebase_url": "https://food-app-237015.firebaseio.com",
    "project_id": "food-app-237015",
    "storage_bucket": "food-app-237015.appspot.com"
  },
  "client": [
    {
      "client_info": {
        "mobilesdk_app_id": "1:735495635662:android:73e58dabbb7ccc63",
        "android_client_info": {
          "package_name": "com.foodapp.udaymobile"
        }
      },
      "oauth_client": [
        {
          "client_id": "735495635662-7elpmjnjgltan5gprn0lojhr76cq71r0.apps.googleusercontent.com",
          "client_type": 1,
          "android_info": {
            "package_name": "com.foodapp.udaymobile",
            "certificate_hash": "6c99670c2ae7a42a8e1890ef15bcb2b97aca4f06"
          }
        }
      ],
      "api_key": [
        {
          "current_key": "AIzaSyADAHsMb7z00tguwMx3wW4VS2LURYtITco"
        }
      ],
      "services": {
        "appinvite_service": {
          "other_platform_oauth_client": [
            {
              "client_id": "735495635662-u9rmbd9p7m2urkorv1j2uj4f4l5hj1gd.apps.googleusercontent.com",
              "client_type": 3
            }
          ]
        }
      }
    }
  ],
  "configuration_version": "1"
}